,bike_id
0,W24217
1,W21897
2,W21703
3,78571
4,W23425
5,W21177
6,W00172
7,W23311
8,W00217
9,W23377
10,W21067
11,W21259
12,W01419
13,W20481
14,W23121
15,W20538
16,W22716
17,W20501
18,W24880
19,W21032
20,W22495
21,W21734
22,W20719
23,W22086
24,W21797
25,W21208
26,W21159
27,W23725
28,W01363
29,W22875
30,W00055
31,W21447
32,W22542
33,W21018
34,W20331
35,W24077
36,W00315
37,W01468
38,W00248
39,W24736
40,W01255
41,W20059
42,W21175
43,W22485
44,W22173
45,W20502
46,W01181
47,W24772
48,W23574
49,W23951
50,W21414
51,W00690
52,W21321
53,W22944
54,W22644
55,W20237
56,W01237
57,W23779
58,W01448
59,W00444
60,W20311
61,W23455
62,W20477
63,W00030
64,W24782
65,W20901
66,W00821
67,W21557
68,W22999
69,W20487
70,W00238
71,W20814
72,W24112
73,W00302
74,W21737
75,W23764
76,78586
77,W21821
78,W20039
79,78573
80,78537
81,W21823
82,W21610
83,W21978
84,W01256
85,W23210
86,W24150
87,W21078
88,W01285
89,W24336
90,W01011
91,W00150
92,W01391
93,W20322
94,W22536
95,W24138
96,W01438
97,W23458
98,W00582
99,W23986
100,W21577
101,78588
102,W20539
103,W24801
104,W20625
105,W23268
106,W20044
107,W00388
108,W20914
109,W01409
110,W23727
111,W23582
112,W01053
113,W20301
114,W24041
115,W24227
116,W00288
117,W00415
118,W20184
119,W21905
120,W21736
121,W21568
122,W00969
123,W23624
124,W01460
125,W21186
126,W24209
127,W23522
128,W00818
129,W22888
130,W01155
131,W22916
132,78579
133,W23916
134,W20887
135,W24188
136,W23791
137,W20063
138,W01314
139,W23711
140,W22710
141,W23754
142,W21533
143,W24318
144,W21081
145,W24653
146,78558
147,W21164
148,W20416
149,W22308
150,W20123
151,W23992
152,W23051
153,W22801
154,W23785
155,W23084
156,W20898
157,W22440
158,W20910
159,W20929
160,W21740
161,W21334
162,W22041
163,W23262
164,W23272
165,W22923
166,W23636
167,W23292
168,W22968
169,W21006
170,W22510
171,W23344
172,W24857
173,W00787
174,W24707
175,W22015
176,W23844
177,W00890
178,W21154
179,W20792
180,W21261
181,W21782
182,W24239
183,W22311
184,W00279
185,W23959
186,W01001
187,W21646
188,W23726
189,W20838
190,W00824
191,W00555
192,W21869
193,W21938
194,W20788
195,W20888
196,W24700
197,W21087
198,W21218
199,W23487
200,W00254
201,W23366
202,W20087
203,W22246
204,W20460
205,W24316
206,W23804
207,W21477
208,W20889
209,W23598
210,W23064
211,W24751
212,W00636
213,W21064
214,W22321
215,W20732
216,W24248
217,W24205
218,W01028
219,W24337
220,W00038
221,W21819
222,W23966
223,W22514
224,78501
225,W01075
226,W20871
227,W01111
228,W24770
229,W00319
230,W22919
231,W21099
232,W20654
233,W24738
234,W21998
235,W23465
236,W20381
237,W23687
238,W20763
239,W24771
240,W01301
241,W22508
242,W20112
243,W23499
244,W23965
245,W01085
246,W22024
247,W21579
248,W22850
249,W22730
250,W24665
251,W22283
252,W01035
253,W24253
254,W00340
255,W21113
256,W23426
257,W21836
258,W00698
259,W24172
260,W00680
261,W21481
262,W21948
263,W00932
264,W24825
265,W22151
266,W23513
267,W00436
268,W23397
269,W21228
270,W24242
271,W24345
272,W23081
273,W24196
274,W00510
275,W20016
276,W22752
277,W01389
278,W23821
279,W23500
280,W24704
281,W20429
282,W24133
283,W22200
284,W22987
285,W20630
286,W24105
287,W24319
288,W00927
289,W23491
290,W01022
291,W20709
292,W00499
293,W21538
294,W00131
295,W20801
296,W22669
297,W24016
298,W20440
299,W20451
300,W00094
301,W23049
302,W23987
303,W22851
304,W21546
305,W23067
306,W01058
307,W24646
308,W21675
309,W22054
310,W21285
311,W20170
312,W00265
313,W21368
314,W22393
315,W24329
316,W21450
317,W24709
318,W00012
319,W22489
320,W22345
321,W22097
322,W20664
323,W22629
324,W01065
325,W00726
326,W21771
327,W23506
328,W21890
329,W22852
330,W22668
331,W20880
332,W23578
333,W21010
334,W21764
335,W22476
336,W22789
337,W24151
338,W24229
339,W23396
340,W22593
341,W22928
342,W20079
343,W22199
344,W24856
345,W23507
346,W00513
347,W00386
348,W00402
349,W23721
350,W00081
351,W22419
352,W01357
353,W21013
354,W01153
355,W21590
356,W00624
357,W22993
358,W23355
359,W21156
360,W22056
361,W20743
362,W23310
363,W20560
364,W20529
365,W23576
366,W23932
367,W22739
368,W21330
369,W22216
370,W23383
371,W21274
372,W23217
373,W22330
374,W24135
375,78577
376,W00545
377,W00500
378,W00526
379,W22353
380,W23198
381,W20435
382,W24305
383,W21718
384,W20265
385,W21190
386,W00063
387,W22558
388,W24322
389,W24730
390,W23757
391,W23117
392,W00739
393,W21311
394,W23703
395,W22943
396,W22707
397,W22294
398,W24750
399,W21589
400,W22898
401,W20478
402,W24014
403,W21103
404,W23972
405,W23181
406,W21341
407,W21634
408,W24781
409,W20660
410,W24725
411,W24346
412,W20641
413,W00029
414,W21090
415,W24795
416,W24834
417,W24670
418,W24121
419,W21770
420,W23680
421,W00645
422,W24816
423,W24745
424,W20519
425,W23904
426,W00964
427,W22538
428,W24719
429,W24268
430,W22063
431,W24054
432,W20434
433,W20078
434,W21439
435,W24817
436,W01335
437,W01408
438,W20223
439,W20993
440,W23515
441,W20462
442,W00539
443,W20634
444,W22790
445,W21973
446,W00361
447,W23647
448,W20165
449,W21182
450,W20306
451,W20386
452,W22963
453,W23980
454,W24313
455,W23827
456,W22889
457,W20180
458,W01338
459,W01325
460,W22756
461,W24869
462,W01095
463,W01261
464,W23489
465,W20282
466,W24259
467,W20646
468,W21679
469,W22103
470,W01361
471,W20982
472,W23948
473,W20669
474,W00786
475,W22128
476,W01149
477,W00179
478,W00893
479,W24837
480,W00914
481,W01368
482,W23256
483,W21560
484,W24058
485,W20861
486,W23931
487,W01480
488,W24735
489,W23781
490,W20351
491,W22244
492,W22439
493,W23260
494,W21049
495,W23206
496,W01250
497,W22336
498,W24120
499,W23047
500,W24853
501,W01415
502,W01319
503,W23166
504,W22802
505,W23722
506,W23691
507,W23106
508,W22500
509,W21362
510,W00188
511,W21940
512,W00065
513,W23265
514,W20600
515,W23412
516,W23197
517,W22835
518,W21712
519,78507
520,W20320
521,W23427
522,W23826
523,W21931
524,W20791
525,W22872
526,W20060
527,W23656
528,W23834
529,W20034
530,W24340
531,78541
532,W21857
533,W21115
534,W23794
535,W23689
536,W23497
537,W21768
538,W24320
539,W21603
540,W21595
541,W00912
542,W21530
543,W24197
544,W01048
545,W21744
546,W23744
547,78568
548,W23112
549,W22553
550,W23646
551,W22212
552,W00126
553,W00049
554,W24641
555,W24807
556,W22906
557,W22126
558,W21639
559,W21388
560,W01258
561,78517
562,W23824
563,W22759
564,W23488
565,W20354
566,W23523
567,W22198
568,W00224
569,W24148
570,W24071
571,W21201
572,W00689
573,W00880
574,W23220
575,W22280
576,W00548
577,W00534
578,W00305
579,W24663
580,W20830
581,W00346
582,W00468
583,W00406
584,W00342
585,W24017
586,W23600
587,W23847
588,W24802
589,W22614
590,W23038
591,W00653
592,W23760
593,W24868
594,W22037
595,W01124
596,W23717
597,W00788
598,W22082
599,W21830
600,W24261
601,W21941
602,W20274
603,W23203
604,W00563
605,W22148
606,W23930
607,W23395
608,W24106
609,W20280
610,W00121
611,W24270
612,W00085
613,W23606
614,W23572
615,W23115
616,W21386
617,W20488
618,W00801
619,W20770
620,W21544
621,W20052
622,W23095
623,W22937
624,W24875
625,W23815
626,W22383
627,78536
628,W01226
629,W22793
630,W20493
631,W23143
632,W24194
633,W00687
634,W01062
635,W23787
636,W00702
637,W22314
638,W20119
639,W23560
640,W23354
641,W00183
642,W24351
643,W00445
644,W00681
645,W23952
646,W01264
647,W20599
648,W21441
649,W22818
650,W22548
651,W23969
652,W01330
653,W24284
654,W00501
655,W00303
656,W00632
657,W24701
658,W20984
659,W22123
660,W00019
661,W22532
662,W23027
663,W23709
664,W21693
665,W24654
666,W21605
667,W24849
668,W23707
669,W20258
670,W22976
671,W22195
672,W23213
673,W22329
674,W20891
675,W23795
676,W20676
677,W00170
678,W20313
679,W01328
680,W23154
681,W24711
682,78564
683,W00990
684,W23477
685,W20563
686,78598
687,W21716
688,W00488
689,W24677
690,W23850
691,W00014
692,W21735
693,W24063
694,W20391
695,W20631
696,W00675
697,W22639
698,W23077
699,W21864
700,W24001
701,W22214
702,W23345
703,W20067
704,W23535
705,W23328
706,W00268
707,W20978
708,W00447
709,W22995
710,W00676
711,W01292
712,W00226
713,W00948
714,W22748
715,W00426
716,78512
717,W23652
718,W24671
719,W21613
720,78555
721,W23025
722,W21788
723,W01141
724,W21235
725,W22055
726,W24353
727,W24132
728,W23661
729,W24645
730,W00186
731,W21199
732,W00900
733,W21430
734,W23855
735,W01204
736,W23278
737,W21365
738,W01370
739,W20673
740,W22661
741,78509
742,W20813
743,W01064
744,W20905
745,W24252
746,W21329
747,W23445
748,W23033
749,W22043
750,W22954
751,W21881
752,W22894
753,W21306
754,W24666
755,W23944
756,W21945
757,W21665
758,W22946
759,W21071
760,W22144
761,W21937
762,W21411
763,W20363
764,W24341
765,W24773
766,W24690
767,W21037
768,W21834
769,W23108
770,W20565
771,W22675
772,W01009
773,W00136
774,W24739
775,W00419
776,W21219
777,W21586
778,W24088
779,W21813
780,W21317
781,W20046
782,W23745
783,W22960
784,W24864
785,W00474
786,W23639
787,W23690
788,W20422
789,W24814
790,W22010
791,W23222
792,W21347
793,W22404
794,W22373
795,W20257
796,W24331
797,W00093
798,W22252
799,W21075
800,W22992
801,W20242
802,W24310
803,W20899
804,W22763
805,W21578
806,W22521
807,W21040
808,W22157
809,W22117
810,W23655
811,W22064
812,W21558
813,W24798
814,W22543
815,W23329
816,W23807
817,W20576
818,W24679
819,W20086
820,W00753
821,W22567
822,W20199
823,W22036
824,W20268
825,W00593
826,W00236
827,W23649
828,W00490
829,W21591
830,W01444
831,W22012
832,W23551
833,W00626
834,W22129
835,W20355
836,W22997
837,W23239
838,W23161
839,W23400
840,W00107
841,W00375
842,W23713
843,W22913
844,W24717
845,W24334
846,W20619
847,W23806
848,W21650
849,W23782
850,W21491
851,W21356
852,W20819
853,W01288
854,W00505
855,W20000
856,W24685
857,W21004
858,W20670
859,W01096
860,W24164
861,W24276
862,W21326
863,W23641
864,W20458
865,W21542
866,W24237
867,W24866
868,W23989
869,W22190
870,W20928
871,W20098
872,W24224
873,W21056
874,W00227
875,W21791
876,W24786
877,W22592
878,W22547
879,W00827
880,W23692
881,W24766
882,W21508
883,W20916
884,W21637
885,W22413
886,W23937
887,W21298
888,W24204
889,W24055
890,W24269
891,W22003
892,W21833
893,W22221
894,W22047
895,W00195
896,W01445
897,W22685
898,W24051
899,W24821
900,W22231
901,W01289
902,W20183
903,W24668
904,W24159
905,W20173
906,W24769
907,W20425
908,W20513
909,W01352
910,W24065
911,W21253
912,W20384
913,W22106
914,W00300
915,W00816
916,W00496
917,W22856
918,W24667
919,W00443
920,W20499
921,W01224
922,W23887
923,W20988
924,78576
925,W24791
926,W21132
927,W00008
928,W21250
929,W20072
930,W00621
931,W23625
932,78520
933,W21200
934,W21460
935,W21431
936,W20312
937,W24818
938,W20920
939,W20808
940,W24140
941,W22039
942,W20175
943,W23192
944,W21739
945,W24723
946,W24271
947,W22191
948,W00775
949,W23126
950,W21242
951,W22100
952,W23365
953,W24013
954,W21332
955,W22980
956,W22479
957,W24155
958,W20581
959,W22654
960,W00380
961,W24734
962,W22140
963,W22531
964,W24808
965,W23809
966,W21238
967,W20204
968,W24789
969,W01374
970,W21860
971,W01295
972,W00310
973,W01099
974,W21565
975,W23088
976,W21641
977,W21822
978,W24081
979,W24311
980,W00284
981,W23380
982,W23323
983,W22979
984,W20152
985,W20285
986,W24636
987,W22029
988,W01329
989,W21483
990,W21927
991,W24823
992,W20043
993,W23683
994,W24089
995,W20482
996,W23909
997,W21142
998,W24682
999,W21366
1000,W20745
1001,W01041
1002,W21977
1003,W23517
1004,W21338
1005,W22734
1006,W00938
1007,W23718
1008,W20439
1009,W23384
1010,W23235
1011,W23411
1012,W00095
1013,W01269
1014,W22846
1015,W20158
1016,W22340
1017,W23001
1018,W22670
1019,W01134
1020,W23798
1021,W22006
1022,W22317
1023,W24357
1024,W20587
1025,W20806
1026,W23895
1027,W01072
1028,W21676
1029,W00904
1030,W22799
1031,W01162
1032,W22327
1033,W22019
1034,W24189
1035,W24208
1036,W21873
1037,W00483
1038,W20946
1039,W01225
1040,W23549
1041,W21060
1042,W00894
1043,W21922
1044,W00981
1045,W00007
1046,W24307
1047,W20236
1048,W20784
1049,W22587
1050,W00493
1051,W22371
1052,W20433
1053,W21191
1054,W00370
1055,W22656
1056,W22909
1057,W24303
1058,W21808
1059,W24861
1060,W24779
1061,W21355
1062,W22435
1063,W21279
1064,W00750
1065,W24199
1066,W21469
1067,W22102
1068,W24686
1069,W21785
1070,W01428
1071,W20131
1072,W20612
1073,W00015
1074,W24059
1075,W20932
1076,W20424
1077,W21162
1078,W20832
1079,W00807
1080,W01156
1081,W24122
1082,W23797
1083,W20080
1084,W24203
1085,W21413
1086,W23799
1087,W01254
1088,W22598
1089,W22863
1090,W21561
1091,W20271
1092,W23165
1093,W24792
1094,W23886
1095,W21690
1096,W23605
1097,W22267
1098,W23139
1099,W22196
1100,W23557
1101,W24776
1102,W22973
1103,W23800
1104,W23907
1105,W21402
1106,W23174
1107,78504
1108,W20021
1109,W22579
1110,W20053
1111,W23979
1112,W20933
1113,W20954
1114,W23169
1115,W00556
1116,W24192
1117,W21217
1118,W00708
1119,W23104
1120,W23813
1121,W22874
1122,W21563
1123,W20491
1124,W22891
1125,W20276
1126,W20332
1127,W23326
1128,W21576
1129,W22155
1130,W22578
1131,W20330
1132,W00477
1133,W00418
1134,W01231
1135,W22416
1136,W22533
1137,78567
1138,W23643
1139,W01290
1140,W22549
1141,W21629
1142,W24638
1143,W00075
1144,W23543
1145,W22988
1146,W01135
1147,W23170
1148,W22046
1149,W00229
1150,W01102
1151,W24068
1152,W20856
1153,W01263
1154,W01324
1155,W24031
1156,W23245
1157,W23679
1158,W21505
1159,W01067
1160,W24805
1161,W24755
1162,W21089
1163,W24181
1164,W01137
1165,W20486
1166,W00133
1167,W23119
1168,W21343
1169,W22059
1170,W24684
1171,W24326
1172,W24757
1173,W22281
1174,W20220
1175,W00829
1176,W01339
1177,W22247
1178,W20987
1179,W20657
1180,W23585
1181,W20056
1182,W23059
1183,W24302
1184,W23669
1185,W24126
1186,W23451
1187,W00515
1188,W24338
1189,W22932
1190,W20127
1191,W21189
1192,W01392
1193,W00959
1194,W00409
1195,W24669
1196,W22048
1197,W23313
1198,W21312
1199,W00009
1200,W23923
1201,W22726
1202,W22985
1203,W22415
1204,W24184
1205,W21380
1206,W00618
1207,W22692
1208,W24710
1209,W20650
1210,W21826
1211,W01430
1212,W24137
1213,W23776
1214,W00604
1215,W24328
1216,W01047
1217,W24796
1218,W20544
1219,W22451
1220,W20420
1221,W21845
1222,W21781
1223,W24119
1224,W20128
1225,W00883
1226,W00347
1227,W20554
1228,W23063
1229,W24109
1230,W20160
1231,W20870
1232,W23159
1233,W21875
1234,W23186
1235,W20535
1236,W20020
1237,W00330
1238,W22605
1239,W00772
1240,W23941
1241,W01200
1242,W00482
1243,W20697
1244,W20055
1245,W20251
1246,W22358
1247,W00098
1248,W24179
1249,W00700
1250,W01384
1251,W00385
1252,W23241
1253,W01499
1254,W23261
1255,W22663
1256,W20592
1257,W23564
1258,W00710
1259,W22287
1260,W01355
1261,W24043
1262,W20200
1263,W24844
1264,W01037
1265,W23878
1266,W22407
1267,W00146
1268,W24198
1269,W20620
1270,W01151
1271,W22723
1272,W20382
1273,W00930
1274,W01249
1275,W23588
1276,W00432
1277,W20653
1278,W00044
1279,W01422
1280,W21308
1281,W24650
1282,W00149
1283,W22176
1284,W24674
1285,W20371
1286,W22104
1287,W23935
1288,W22000
1289,W24640
1290,W20800
1291,W23065
1292,W20925
1293,W21246
1294,W00028
1295,W23770
1296,W23996
1297,W20759
1298,W20426
1299,W00516
1300,W24258
1301,W21462
1302,W23734
1303,W20347
1304,W20626
1305,W23591
1306,W01495
1307,W20407
1308,W22131
1309,W23700
1310,W23508
1311,W20205
1312,W21011
1313,W24004
1314,W01404
1315,W24344
1316,W22820
1317,W22655
1318,W22859
1319,W20015
1320,W21053
1321,W22390
1322,W21556
1323,W23730
1324,W22902
1325,W00412
1326,W22848
1327,W23211
1328,W20547
1329,78544
1330,W24296
1331,W01260
1332,W00511
1333,W20124
1334,W23660
1335,W22499
1336,W24114
1337,W23392
1338,W23007
1339,W20240
1340,W21757
1341,W00550
1342,W20522
1343,W21691
1344,W22060
1345,W20867
1346,W22154
1347,W22271
1348,W21517
1349,W21165
1350,W20164
1351,W20226
1352,W00485
1353,W20904
1354,W23362
1355,W21421
1356,W23766
1357,W00287
1358,W21915
1359,W20826
1360,W00777
1361,W00611
1362,W20594
1363,W24740
1364,W24841
1365,W01167
1366,W01043
1367,W23896
1368,W20316
1369,W23672
1370,W23822
1371,W22331
1372,W22601
1373,W00442
1374,W23864
1375,W00586
1376,W21501
1377,W20621
1378,W23651
1379,W00603
1380,78540
1381,W23973
1382,W23738
1383,W24639
1384,W22162
1385,W21510
1386,W24232
1387,W22697
1388,W22492
1389,W23743
1390,W21403
1391,W21300
1392,W21442
1393,W22540
1394,W00169
1395,W24127
1396,W21331
1397,W23957
1398,W20705
1399,W21019
1400,W23467
1401,W22441
1402,W23882
1403,78565
1404,W22315
1405,W20647
1406,W22633
1407,W00832
1408,W21076
1409,W24301
1410,W20639
1411,W21727
1412,W22465
1413,W23820
1414,W00486
1415,W22667
1416,W22775
1417,W00774
1418,W23079
1419,W00598
1420,W20455
1421,W01201
1422,W00316
1423,W24815
1424,W21534
1425,W21110
1426,W21661
1427,W21001
1428,W00043
1429,W24696
1430,W22784
1431,W22621
1432,W24813
1433,W00783
1434,W00869
1435,W23901
1436,W00155
1437,W00684
1438,W23527
1439,W01044
1440,W00637
1441,W22951
1442,W00945
1443,78587
1444,W01449
1445,W24095
1446,W20694
1447,W22364
1448,W20695
1449,W22463
1450,W24130
1451,W00215
1452,W21550
1453,W01266
1454,78581
1455,W22218
1456,W24332
1457,78529
1458,W23627
1459,W20436
1460,W22181
1461,W00973
1462,W20643
1463,W01383
1464,W23892
1465,W20940
1466,W22949
1467,W00763
1468,W22785
1469,W23784
1470,W22107
1471,W23116
1472,W20221
1473,W00953
1474,W20958
1475,W23538
1476,W20957
1477,W20517
1478,W20716
1479,W00240
1480,W01267
1481,W23609
1482,W20509
1483,W24874
1484,W24200
1485,W23175
1486,W20503
1487,W00572
1488,W22349
1489,W00163
1490,W24845
1491,W24794
1492,W20972
1493,W24651
1494,W00638
1495,W23357
1496,W21587
1497,W00084
1498,W20864
1499,W00364
1500,W22384
1501,W20562
1502,W00822
1503,W24633
1504,W21844
1505,W22022
1506,W24175
1507,W21480
1508,W20379
1509,W22690
1510,W24152
1511,W23234
1512,W21168
1513,W22302
1514,W20410
1515,W00379
1516,W20846
1517,W22877
1518,W21133
1519,W21488
1520,W21003
1521,W00314
1522,W24741
1523,W22572
1524,W24689
1525,W20836
1526,W21381
1527,W23346
1528,W22368
1529,W00873
1530,W20073
1531,W22338
1532,W23553
1533,W00764
1534,W24039
1535,W21962
1536,W24092
1537,W24697
1538,W21798
1539,W22776
1540,W21868
1541,W00175
1542,W23216
1543,W20803
1544,W01002
1545,W21632
1546,W20315
1547,W20843
1548,W21415
1549,W21498
1550,W24177
1551,W23129
1552,W00544
1553,W23303
1554,W00321
1555,W24335
1556,W24348
1557,W22030
1558,W23550
1559,W22072
1560,W23849
1561,W22527
1562,W20432
1563,W22650
1564,W22715
1565,W20527
1566,W23729
1567,W01091
1568,W20484
1569,W22588
1570,W21816
1571,W23732
1572,W24355
1573,W01210
1574,W00301
1575,W21012
1576,W21474
1577,W01163
1578,W21607
1579,W00742
1580,W23696
1581,W24006
1582,W01405
1583,W21581
1584,W24713
1585,W20054
1586,W23073
1587,W23912
1588,W00533
1589,W24809
1590,W20749
1591,W21394
1592,W24746
1593,W20862
1594,W00489
1595,W20033
1596,W21269
1597,W24721
1598,W23482
1599,W23160
1600,W21932
1601,W23379
1602,W22843
1603,W22307
1604,W24859
1605,W24660
1606,W24117
1607,W24125
1608,W21374
1609,W24832
1610,W21742
1611,W21879
1612,W22925
1613,W23510
1614,W21405
1615,W23873
1616,W23028
1617,W23258
1618,W23704
1619,W20074
1620,W00993
1621,W23621
1622,W00793
1623,W00589
1624,W01029
1625,W23735
1626,W21829
1627,W01083
1628,W01014
1629,W00397
1630,W00532
1631,W20179
1632,W23394
1633,W00470
1634,W00460
1635,W20442
1636,W21342
1637,W24749
1638,W20520
1639,W20394
1640,W22828
1641,W23577
1642,W23556
1643,W22325
1644,W23634
1645,W21257
1646,W22742
1647,W20468
1648,W00599
1649,W22783
1650,W20353
1651,W24729
1652,W21085
1653,W22819
1654,W23662
1655,W21754
1656,W20677
1657,W21465
1658,W24166
1659,W22768
1660,W23988
1661,W23373
1662,W22794
1663,W23632
1664,W22653
1665,W22678
1666,W21369
1667,W00718
1668,W23479
1669,W01456
1670,W00630
1671,W20762
1672,W22942
1673,W24285
1674,W22841
1675,W21493
1676,W24015
1677,W00498
1678,W00633
1679,W21870
1680,W20414
1681,W23386
1682,W21554
1683,W20512
1684,W21092
1685,W23913
1686,W00318
1687,W23751
1688,W24247
1689,W24676
1690,W22926
1691,W00592
1692,78532
1693,W00584
1694,W20302
1695,W00751
1696,W00459
1697,W00359
1698,W23677
1699,W21966
1700,W22800
1701,W22378
1702,W24838
1703,W20945
1704,W23568
1705,W20667
1706,W23462
1707,W00046
1708,W20924
1709,W22632
1710,W20113
1711,W24683
1712,W21818
1713,W21874
1714,W23842
1715,W24045
1716,W20543
1717,W01272
1718,W20574
1719,W00401
1720,W22627
1721,W00620
1722,W20847
1723,W23066
1724,W24136
1725,W23290
1726,W00102
1727,W21309
1728,W01343
1729,W22834
1730,W21930
1731,W22359
1732,W21988
1733,W20601
1734,W22309
1735,W01316
1736,78513
1737,W21461
1738,W23906
1739,W24325
1740,W23440
1741,W01348
1742,W24343
1743,W20356
1744,W24788
1745,W23939
1746,W20951
1747,W21398
1748,W22772
1749,W22171
1750,W22631
1751,W00135
1752,W21237
1753,W22388
1754,W00068
1755,W01251
1756,W24003
1757,W22947
1758,W22682
1759,W24699
1760,W21098
1761,W20712
1762,W21993
1763,W23741
1764,W22420
1765,W24673
1766,W01138
1767,W22893
1768,W20672
1769,W00848
1770,W24347
1771,W22001
1772,W01437
1773,W22881
1774,W00391
1775,W22094
1776,W22515
1777,W00373
1778,78508
1779,W24810
1780,W24843
1781,78528
1782,W00717
1783,W20839
1784,W21783
1785,W20244
1786,W01379
1787,W24783
1788,W20687
1789,W00177
1790,W00494
1791,W22007
1792,W00601
1793,W00922
1794,W20048
1795,W24287
1796,W00985
1797,W24787
1798,W23898
1799,W01080
1800,W23635
1801,W21674
1802,W23617
1803,W22795
1804,W01406
1805,W22733
1806,W23324
1807,W01382
1808,W20875
1809,W23039
1810,W24308
1811,W21852
1812,W20886
1813,W23890
1814,W23361
1815,W24724
1816,W00778
1817,W21786
1818,W00878
1819,W00575
1820,W23123
1821,W00255
1822,W01306
1823,W00289
1824,W21894
1825,W20134
1826,W21696
1827,W00560
1828,W22950
1829,W24658
1830,W20970
1831,W24715
1832,W20795
1833,W22344
1834,W21041
1835,W23456
1836,W23413
1837,W22426
1838,W23590
1839,W23301
1840,W23997
1841,W20655
1842,W23668
1843,W23971
1844,W20618
1845,W23950
1846,W20973
1847,W24829
1848,W00161
1849,W21231
1850,W01331
1851,W22130
1852,W24157
1853,W24695
1854,W21743
1855,W00059
1856,W24839
1857,W21333
1858,W00919
1859,W22369
1860,W20853
1861,W21487
1862,W22651
1863,W24107
1864,W23724
1865,78549
1866,W23468
1867,W01071
1868,W22291
1869,W24056
1870,W00631
1871,W00884
1872,W23375
1873,W22967
1874,W23459
1875,W23016
1876,W23136
1877,W22686
1878,W22886
1879,W22728
1880,W21224
1881,W22959
1882,W20994
1883,W22423
1884,W22574
1885,W24848
1886,W00006
1887,W22450
1888,W01236
1889,W20715
1890,W21116
1891,78530
1892,W22896
1893,W20698
1894,W22674
1895,W23509
1896,W22417
1897,W23723
1898,W23469
1899,W23942
1900,W00158
1901,W21263
1902,W23417
1903,W20259
1904,W01380
1905,W01429
1906,W22965
1907,W20652
1908,W23761
1909,W00520
1910,W00820
1911,W21711
1912,W00147
1913,W00198
1914,W20989
1915,W23080
1916,W20032
1917,W23863
1918,W22374
1919,W00952
1920,W20686
1921,W20537
1922,W22758
1923,W23681
1924,21054
1925,W22552
1926,W24356
1927,W24833
1928,W20549
1929,W22832
1930,W21820
1931,W00464
1932,W24732
1933,W22233
1934,W01176
1935,W22647
1936,W20091
1937,W00504
1938,W21777
1939,W22969
1940,W22147
1941,W21307
1942,W24225
1943,W24183
1944,W01372
1945,W24706
1946,W21667
1947,W23092
1948,W21229
1949,W23658
1950,W21780
1951,W23753
1952,W24245
1953,W23148
1954,W22550
1955,W20357
1956,W23141
1957,W00987
1958,W20068
1959,W22227
1960,W24350
1961,W22033
1962,W21371
1963,W24359
1964,W21722
1965,W20037
1966,W23586
1967,W22615
1968,W22791
1969,W20377
1970,W22265
1971,W22206
1972,W00800
1973,W22798
1974,W20106
1975,W00581
1976,W00941
1977,W23581
1978,W01484
1979,W20818
1980,W00024
1981,W20304
1982,W22824
1983,W23388
1984,W21283
1985,W20245
1986,W21602
1987,W00889
1988,W22071
1989,W00596
1990,W23552
1991,W20369
1992,W23382
1993,W24655
1994,W23536
1995,W20855
1996,W23594
1997,W20368
1998,W00441
1999,W24030
2000,W22272
2001,W00958
2002,W20580
2003,W24074
2004,W00740
2005,W00850
2006,W22396
2007,W23036
2008,W22983
2009,W20210
2010,W20214
2011,W00176
2012,W21529
2013,W22456
2014,W01152
2015,W20786
2016,W21457
2017,W24210
2018,W20125
2019,W21642
2020,W21227
2021,W24091
2022,W23790
2023,W21877
2024,W20213
2025,W20318
2026,W23928
2027,W20471
2028,W01196
2029,W22081
2030,W20090
2031,W23559
2032,W22016
2033,W20582
2034,W21416
2035,W00162
2036,W00144
2037,W20314
2038,W24778
2039,W00506
2040,W21144
2041,W23409
2042,W24163
2043,W20999
2044,W22077
2045,W24062
2046,W00100
2047,W22328
2048,W21146
2049,W23575
2050,W21885
2051,W20479
2052,W23274
2053,W00944
2054,W21290
2055,W00182
2056,W22977
2057,78511
2058,W24102
2059,W24290
2060,W22320
2061,W23920
2062,W00541
2063,W23446
2064,W20849
2065,W01410
2066,W01398
2067,W20156
2068,W00041
2069,W00523
2070,W23859
2071,W00825
2072,W00178
2073,W22228
2074,W01165
2075,W21023
2076,W20598
2077,W01040
2078,W22847
2079,W00383
2080,W22268
2081,W21976
2082,W20139
2083,W01365
2084,W20963
2085,W20617
2086,W22901
2087,W00694
2088,W00416
2089,W23391
2090,W22806
2091,W22648
2092,W21862
2093,W01220
2094,W22192
2095,W23612
2096,W23922
2097,W21408
2098,W23483
2099,W23936
2100,W22616
2101,W23884
2102,W23558
2103,W00356
2104,W20293
2105,W01214
2106,W24093
2107,W00623
2108,W24300
2109,W21950
2110,W22613
2111,W24333
2112,W00809
2113,W24728
2114,W20840
2115,W22990
2116,W20575
2117,W22754
2118,W23387
2119,W22067
2120,W00475
2121,W00804
2122,W23463
2123,W00917
2124,W23341
2125,W23610
2126,W23877
2127,W00363
2128,W22052
2129,W00326
2130,W23050
2131,W01081
2132,W24250
2133,W21045
2134,W24800
2135,W23199
2136,W00367
2137,W23431
2138,W23885
2139,W21907
2140,W23854
2141,W21760
2142,W23041
2143,W00543
2144,W00531
2145,W00411
2146,W01482
2147,W00201
2148,W00730
2149,W20396
2150,W22042
2151,W22744
2152,W01122
2153,W22565
2154,W24811
2155,W24321
2156,W20419
2157,W00747
2158,W20793
2159,W01296
2160,W23603
2161,W20548
2162,W00203
2163,W23596
2164,W23176
2165,W00861
2166,W21741
2167,W00152
2168,W22948
2169,W23880
2170,W23848
2171,W00291
2172,W00358
2173,W24141
2174,W01315
2175,W23473
2176,W22494
2177,W01142
2178,W00394
2179,W23138
2180,W00656
2181,W00064
2182,W00771
2183,W20733
2184,W24850
2185,W00731
2186,W00913
2187,W00875
2188,W21397
2189,W20591
2190,W21971
2191,W00258
2192,W22080
2193,W20495
2194,W20346
2195,W01164
2196,W22711
2197,W23546
2198,W20623
2199,W23228
2200,W23490
2201,W21663
2202,W21611
2203,W01139
2204,W20022
2205,W24873
2206,W22380
2207,W20149
2208,W00527
2209,W00054
2210,W21389
2211,W23968
2212,W24330
2213,W21828
2214,W00139
2215,W21765
2216,W00210
2217,W20747
2218,W20051
2219,W00521
2220,W23478
2221,W22403
2222,W00650
2223,W22350
2224,W20956
2225,W00732
2226,W23359
2227,W20852
2228,W01032
2229,W00902
2230,W21495
2231,W00805
2232,W01180
2233,W20783
2234,W20754
2235,W00354
2236,W20757
2237,W21440
2238,W23230
2239,W20571
2240,W22722
2241,W23130
2242,W21982
2243,W00610
2244,W00535
2245,W00376
2246,W20375
2247,W01349
2248,W24118
2249,W24760
2250,W00966
2251,W20472
2252,W23750
2253,W22753
2254,W22958
2255,W23429
2256,W24858
2257,W23580
2258,W22211
2259,W00263
2260,W01202
2261,W00853
2262,W22566
2263,W20811
2264,W22304
2265,W21244
2266,W00118
2267,W23688
2268,W23748
2269,W20168
2270,W21871
2271,W23917
2272,W22861
2273,W21839
2274,W24037
2275,W23630
2276,W21535
2277,W01464
2278,W00057
2279,W01004
2280,W22259
2281,W20319
2282,78525
2283,W20287
2284,W01450
2285,W22108
2286,W01194
2287,W20573
2288,78570
2289,78526
2290,W23525
2291,W24854
2292,W21148
2293,W24659
2294,W23227
2295,W21043
2296,W00456
2297,W20869
2298,W20629
2299,W00693
2300,W20337
2301,W23650
2302,W00803
2303,W00106
2304,W00005
2305,W00836
2306,W01371
2307,W01375
2308,W21644
2309,W24281
2310,W20854
2311,W24202
2312,W20231
2313,W21942
2314,W00230
2315,W21824
2316,W22864
2317,W21327
2318,W23607
2319,W20689
2320,W22337
2321,W00727
2322,W20041
2323,W00422
2324,W22604
2325,W24312
2326,W23471
2327,W20678
2328,W20979
2329,W22409
2330,W20111
2331,W21536
2332,W01008
2333,W24263
2334,W01479
2335,W21079
2336,W00841
2337,W22838
2338,W24851
2339,W24142
2340,W01303
2341,W23833
2342,W01143
2343,W21705
2344,W22885
2345,W00103
2346,W24048
2347,W00980
2348,W21796
2349,W20145
2350,W22659
2351,W21463
2352,W22938
2353,W23031
2354,78596
2355,W23908
2356,W20605
2357,W20736
2358,W00641
2359,W21521
2360,W21433
2361,W23881
2362,W00950
2363,W20097
2364,W01388
2365,W22132
2366,W21880
2367,W00333
2368,W00996
2369,W00115
2370,W21459
2371,W24797
2372,W00425
2373,W21468
2374,W24190
2375,W00277
2376,W20931
2377,W23982
2378,W21934
2379,W23432
2380,W22971
2381,W21805
2382,W23162
2383,W21489
2384,W24298
2385,W23306
2386,W20952
2387,W01178
2388,W23075
2389,W00648
2390,W21564
2391,W00897
2392,W20147
2393,W23090
2394,W24286
2395,W22498
2396,W00124
2397,W23608
2398,W23533
2399,W23367
2400,W00132
2401,W24169
2402,W01268
2403,W21753
2404,W22260
2405,W00484
2406,W00814
2407,W22769
2408,W21842
2409,W22780
2410,W20533
2411,W21695
2412,W01354
2413,W23801
2414,W00728
2415,W23069
2416,W20859
2417,W20427
2418,W24876
2419,W22529
2420,W00863
2421,W20289
2422,W20358
2423,W24046
2424,W22487
2425,W24716
2426,W22584
2427,W01496
2428,W00058
2429,W21082
2430,W00167
2431,W24722
2432,78562
2433,W00261
2434,W22917
2435,W20986
2436,W23180
2437,W00921
2438,W23208
2439,W01051
2440,W21853
2441,W01076
2442,W01186
2443,W01189
2444,W00609
2445,W23496
2446,W20966
2447,W21179
2448,W20558
2449,W23410
2450,W23062
2451,W23135
2452,W21748
2453,W01023
2454,W01369
2455,W23331
2456,W22778
2457,W21889
2458,W01203
2459,W01423
2460,W22474
2461,W00615
2462,W20324
2463,W20058
2464,W00110
2465,W20671
2466,W24113
2467,W00749
2468,W20171
2469,W23269
2470,W00212
2471,W22617
2472,W00864
2473,W21030
2474,W23307
2475,W24226
2476,W24733
2477,W22050
2478,W01074
2479,W20402
2480,W21928
2481,W01033
2482,W00031
2483,W22671
2484,W22816
2485,W01007
2486,W24161
2487,W01463
2488,W00576
2489,W20305
2490,W22792
2491,W20893
2492,W21548
2493,W20775
2494,W01116
2495,W20309
2496,W22524
2497,W23145
2498,W21028
2499,W23435
2500,W00337
2501,W20902
2502,W22377
2503,W21713
2504,W21726
2505,W22517
2506,78569
2507,W20492
2508,W00705
2509,W01240
2510,W01469
2511,W22468
2512,W00639
2513,W01298
2514,W22264
2515,W20834
2516,W20023
2517,W24033
2518,W00120
2519,W20064
2520,W21145
2521,W22251
2522,W00223
2523,W01238
2524,W00026
2525,W21653
2526,W20267
2527,W24824
2528,W23737
2529,W20764
2530,W24078
2531,W00547
2532,W23277
2533,W23318
2534,W00218
2535,78522
2536,W20567
2537,W21310
2538,W20794
2539,W23945
2540,W21625
2541,W23759
2542,W00429
2543,W01420
2544,W23032
2545,W22657
2546,W21412
2547,W00231
2548,W24094
2549,W01054
2550,W20504
2551,W20584
2552,W23816
2553,W21254
2554,W01425
2555,W22297
2556,W22880
2557,W23044
2558,W21138
2559,W23728
2560,W20465
2561,W23171
2562,W01278
2563,W00909
2564,W21729
2565,W20450
2566,W23045
2567,W22120
2568,W00335
2569,W21895
2570,W20295
2571,W22594
2572,W01356
2573,W23254
2574,W01131
2575,W24785
2576,W23786
2577,W22008
2578,W21005
2579,W20727
2580,78589
2581,W00324
2582,W22382
2583,W20146
2584,W23494
2585,W21516
2586,W01114
2587,W20409
2588,W22354
2589,W23378
2590,W21496
2591,W20706
2592,W24022
2593,W23167
2594,W21340
2595,W23184
2596,W21569
2597,W21681
2598,W23702
2599,W21074
2600,W22545
2601,W00915
2602,W20201
2603,W00607
2604,W00129
2605,W24634
2606,W21436
2607,W00392
2608,W21120
2609,W01311
2610,W22085
2611,W21452
2612,W22025
2613,W24831
2614,W21812
2615,W21022
2616,W22599
2617,W21107
2618,W00723
2619,W00414
2620,W00074
2621,W00099
2622,W22920
2623,W20466
2624,W24173
2625,W01466
2626,W20761
2627,W22203
2628,W23056
2629,W21575
2630,W24714
2631,W22897
2632,W23259
2633,W22101
2634,W21428
2635,W22245
2636,W23385
2637,W21609
2638,W00942
2639,W00253
2640,W23819
2641,W21504
2642,W00237
2643,W00646
2644,W21377
2645,W22681
2646,W21271
2647,W22646
2648,W21346
2649,W22394
2650,W21301
2651,W23177
2652,W21129
2653,W21645
2654,W22410
2655,W00322
2656,W21095
2657,W22619
2658,W21518
2659,W22972
2660,W24139
2661,W22782
2662,W01187
2663,W01360
2664,W00495
2665,W23805
2666,W20150
2667,W01500
2668,W01070
2669,W23285
2670,W00564
2671,W23561
2672,W20209
2673,W01227
2674,W23334
2675,W21769
2676,W00696
2677,W01073
2678,W21008
2679,W22159
2680,W23693
2681,W24819
2682,W22194
2683,W21021
2684,W21149
2685,W23281
2686,W23221
2687,W01183
2688,W00371
2689,W20903
2690,W21585
2691,W20959
2692,78548
2693,W00352
2694,W23865
2695,W23962
2696,W00514
2697,W22274
2698,W22408
2699,W22167
2700,W23436
2701,W24131
2702,W21622
2703,W00724
2704,W24742
2705,W23484
2706,W21155
2707,W01055
2708,W01190
2709,W20222
2710,W00275
2711,W00704
2712,W22905
2713,W23925
2714,W21944
2715,W22109
2716,W21537
2717,W23086
2718,W21387
2719,W20658
2720,W22289
2721,W21631
2722,W01208
2723,W20252
2724,W00765
2725,W01126
2726,W22611
2727,W22689
2728,W23894
2729,W20464
2730,W22569
2731,W20406
2732,W00249
2733,W24774
2734,W22313
2735,W23008
2736,W24847
2737,W24780
2738,W00112
2739,W21804
2740,W20651
2741,W00357
2742,W22385
2743,W00048
2744,W01082
2745,W21846
2746,W23103
2747,W21526
2748,W23353
2749,W00435
2750,W21054
2751,W24009
2752,W21746
2753,W21406
2754,W21620
2755,W01145
2756,W00338
2757,W00472
2758,W00701
2759,W24799
2760,W24103
2761,W21648
2762,W21193
2763,W01279
2764,W23762
2765,W22053
2766,W21967
2767,W21867
2768,W21939
2769,W20216
2770,W20109
2771,W00242
2772,W00439
2773,W24759
2774,W21404
2775,W23347
2776,W20753
2777,W23315
2778,W24234
2779,W01446
2780,W01144
2781,W20668
2782,W01248
2783,W20627
2784,W00831
2785,W00344
2786,W21358
2787,W22316
2788,W20827
2789,W22292
2790,W23789
2791,W24803
2792,W23633
2793,W20132
2794,W01323
2795,W22262
2796,W00665
2797,W21437
2798,W24273
2799,W20820
2800,W20555
2801,W21361
2802,W20526
2803,W23843
2804,W23404
2805,W21453
2806,W22957
2807,W24743
2808,W22011
2809,W23195
2810,W21747
2811,W23504
2812,W24044
2813,W21455
2814,W00597
2815,W23978
2816,W22429
2817,W20142
2818,W23163
2819,W01173
2820,W23253
2821,W20326
2822,W23544
2823,W22764
2824,W01455
2825,78553
2826,W24680
2827,W22290
2828,W00819
2829,W20088
2830,W22535
2831,W21831
2832,W21391
2833,W22927
2834,W24036
2835,W20628
2836,78556
2837,W00579
2838,W00507
2839,W20260
2840,W23851
2841,W20218
2842,W22180
2843,W20569
2844,W20935
2845,W24747
2846,W01309
2847,W00756
2848,W01310
2849,W22858
2850,W22031
2851,W21241
2852,W20085
2853,W20930
2854,W01105
2855,W23351
2856,78524
2857,W23089
2858,W23618
2859,W22809
2860,W01140
2861,78514
2862,W20373
2863,W22424
2864,W22853
2865,W00122
2866,W21174
2867,W00066
2868,W23666
2869,W24278
2870,W01057
2871,W21525
2872,W21630
2873,W24002
2874,W21955
2875,W21936
2876,W24327
2877,W20604
2878,W24067
2879,W24146
2880,W24820
2881,W23330
2882,W01346
2883,W22442
2884,W21106
2885,W00148
2886,W00199
2887,W21531
2888,W01109
2889,W22505
2890,W21486
2891,W24306
2892,W21197
2893,W22915
2894,W23554
2895,78563
2896,W22815
2897,W00245
2898,W22741
2899,W22694
2900,W00677
2901,W24218
2902,W00083
2903,W01030
2904,W22518
2905,W24160
2906,W00478
2907,W01378
2908,W20273
2909,W21721
2910,W22903
2911,W22945
2912,W01094
2913,W24828
2914,W24702
2915,W21848
2916,W22339
2917,W24098
2918,78574
2919,W23975
2920,W20264
2921,W23371
2922,W23705
2923,W20286
2924,W21357
2925,W23052
2926,W22497
2927,W23002
2928,W20892
2929,W00013
2930,W22089
2931,W22539
2932,W00619
2933,W20702
2934,W23271
2935,W22209
2936,W00377
2937,W00839
2938,W01195
2939,W23874
2940,W21682
2941,W01199
2942,W22234
2943,W22750
2944,W01198
2945,W00661
2946,W24678
2947,W01013
2948,W01407
2949,W21255
2950,W20215
2951,W00270
2952,W22986
2953,W21758
2954,W21559
2955,W21417
2956,W23179
2957,W23363
2958,W24035
2959,W20151
2960,W00949
2961,W20913
2962,W20557
2963,W22810
2964,W00420
2965,W22270
2966,W21933
2967,W00602
2968,W20446
2969,W00978
2970,W00882
2971,W22125
2972,W22981
2973,W22226
2974,W21989
2975,W21811
2976,W21825
2977,W00877
2978,W23867
2979,W20470
2980,W01244
2981,W00643
2982,W22546
2983,W21181
2984,W20998
2985,W00016
2986,W00759
2987,W20911
2988,W24019
2989,W00573
2990,W20865
2991,W00128
2992,W22609
2993,W22703
2994,W24358
2995,W22709
2996,W22767
2997,W20829
2998,W24637
2999,W23287
3000,W01039
3001,W24691
3002,W23340
3003,W21686
3004,W24649
3005,W00874
3006,W22833
3007,W20387
3008,W20108
3009,W21572
3010,W21091
3011,W20441
3012,W20900
3013,W01467
3014,W20345
3015,W22346
3016,W24664
3017,W20681
3018,W22482
3019,W00202
3020,W23731
3021,W24023
3022,W01394
3023,W20225
3024,W23736
3025,W23673
3026,W23120
3027,W22447
3028,W23251
3029,W21446
3030,W23189
3031,W01168
3032,W00039
3033,W00082
3034,W21007
3035,W21600
3036,W23393
3037,W22261
3038,W00594
3039,W01333
3040,W20851
3041,W24748
3042,W24293
3043,W21370
3044,W23503
3045,W00929
3046,W21892
3047,W00905
3048,W21659
3049,W22698
3050,W20799
3051,W01021
3052,W22161
3053,W24279
3054,W00274
3055,W22480
3056,W00720
3057,W21592
3058,W24662
3059,W22013
3060,W23399
3061,W01115
3062,W20835
3063,W20310
3064,W23701
3065,W23317
3066,W24027
3067,W24705
3068,W23938
3069,W21652
3070,W22449
3071,W20035
3072,W00089
3073,W24050
3074,W22737
3075,W00434
3076,W22406
3077,W00640
3078,W21210
3079,W23083
3080,W00971
3081,W22310
3082,W01271
3083,W23657
3084,W01358
3085,W21672
3086,W00925
3087,W24072
3088,W00339
3089,W01132
3090,W24698
3091,W23155
3092,W22279
3093,W23204
3094,W20007
3095,W21656
3096,W22628
3097,W20461
3098,W23226
3099,W22732
3100,W20400
3101,W21131
3102,W00519
3103,78551
3104,W23694
3105,W23247
3106,W24860
3107,W23875
3108,W21187
3109,W23629
3110,W20140
3111,W21102
3112,W21344
3113,W22929
3114,W22904
3115,W21139
3116,W21044
3117,W22138
3118,W22278
3119,W24361
3120,W01462
3121,W20448
3122,W00508
3123,W23433
3124,W21951
3125,W22389
3126,W01106
3127,W20447
3128,W24162
3129,W21583
3130,W20417
3131,78535
3132,W21273
3133,W22248
3134,W22724
3135,W22729
3136,W20144
3137,W00622
3138,W21751
3139,W21243
3140,W21031
3141,W21128
3142,W00449
3143,W24835
3144,W22622
3145,W01318
3146,W20408
3147,W23124
3148,W22133
3149,W21424
3150,W22871
3151,W01059
3152,W01133
3153,W20962
3154,W20014
3155,W20766
3156,W21268
3157,W01069
3158,W23450
3159,W23094
3160,W22557
3161,W22205
3162,W22347
3163,W20449
3164,W21494
3165,W20374
3166,W23911
3167,W24123
3168,W22044
3169,W22488
3170,W01090
3171,W22163
3172,W00760
3173,W21240
3174,W00796
3175,W23046
3176,W20321
3177,W20961
3178,W23831
3179,W20708
3180,W00479
3181,W23714
3182,W01439
3183,W21083
3184,W00157
3185,W00317
3186,W20805
3187,W22998
3188,W00408
3189,W22563
3190,W20084
3191,W22460
3192,W00050
3193,W21513
3194,W21296
3195,W00634
3196,W22731
3197,W01411
3198,W20790
3199,W01265
3200,W00185
3201,W20328
3202,W23406
3203,W23364
3204,W21287
3205,W23280
3206,W21130
3207,W21706
3208,W21216
3209,W00134
3210,W24222
3211,W01403
3212,W20121
3213,W24025
3214,W00849
3215,W21448
3216,W21958
3217,W20765
3218,W23438
3219,W23452
3220,W21997
3221,W24187
3222,W00540
3223,W22263
3224,W20401
3225,W20246
3226,W20217
3227,W21471
3228,W20844
3229,W22528
3230,W22636
3231,W21173
3232,W21127
3233,W21172
3234,W22749
3235,W21766
3236,W00559
3237,W24822
3238,W23398
3239,W21898
3240,W01234
3241,W21523
3242,W24693
3243,W00119
3244,W00480
3245,W24047
3246,W20197
3247,W22735
3248,W24672
3249,W24085
3250,W22232
3251,W01421
3252,W24840
3253,W21222
3254,W23914
3255,W00962
3256,W22121
3257,W00193
3258,W00725
3259,W22158
3260,W24280
3261,W23667
3262,W20769
3263,W01015
3264,W00273
3265,W23569
3266,W22516
3267,W20521
3268,W20329
3269,W00612
3270,W22230
3271,W24352
3272,W21479
3273,W23796
3274,W22116
3275,W22512
3276,W20553
3277,W21511
3278,W24804
3279,W23891
3280,W00151
3281,W23599
3282,W00381
3283,W23537
3284,W21482
3285,W21435
3286,W20003
3287,W00204
3288,W20588
3289,W22061
3290,W23604
3291,W00826
3292,W21188
3293,W00403
3294,W01223
3295,W23125
3296,W01160
3297,W20075
3298,W20005
3299,W23308
3300,W24360
3301,W23921
3302,W22537
3303,W22361
3304,W24862
3305,W22506
3306,W21395
3307,W20837
3308,W21728
3309,W22961
3310,W01221
3311,W21549
3312,W23675
3313,W23981
3314,W00168
3315,W21924
3316,W00461
3317,W21072
3318,W00113
3319,W00331
3320,W01276
3321,W22250
3322,W22068
3323,W00939
3324,W22079
3325,W01493
3326,W22092
3327,W01026
3328,W01206
3329,W22866
3330,W21096
3331,W24186
3332,W00840
3333,W23698
3334,W22590
3335,W20640
3336,W24236
3337,W00660
3338,W21385
3339,W01461
3340,W20666
3341,W00768
3342,W21063
3343,W21123
3344,W24720
3345,W21157
3346,W22564
3347,W20768
3348,W23009
3349,W00649
3350,W24171
3351,W20995
3352,W21147
3353,W20195
3354,W21354
3355,W20663
3356,W23035
3357,W21972
3358,W24865
3359,W00569
3360,W21458
3361,W20778
3362,W00866
3363,W00123
3364,W22544
3365,W20860
3366,W20980
3367,W23752
3368,W21232
3369,W20711
3370,W00963
3371,W24206
3372,W23152
3373,W24060
3374,W21101
3375,W21618
3376,W24362
3377,W20918
3378,W20430
3379,W23832
3380,W21699
3381,W22405
3382,W23492
3383,W21893
3384,W23548
3385,W20610
3386,W01147
3387,W22431
3388,W21017
3389,W21882
3390,W00512
3391,W22907
3392,W01342
3393,W21289
3394,W00943
3395,W20923
3396,W00965
3397,W22696
3398,W21112
3399,W00518
3400,W00517
3401,W22869
3402,W24289
3403,W00389
3404,W21027
3405,W23372
3406,W00246
3407,W21778
3408,W24644
3409,W23542
3410,W00748
3411,W23111
3412,W21399
3413,W24099
3414,W20118
3415,W22519
3416,W21662
3417,W00580
3418,W01390
3419,W22462
3420,W00881
3421,W23289
3422,W21047
3423,W00243
3424,W21720
3425,W24042
3426,W00851
3427,W00703
3428,W20700
3429,W20193
3430,W22119
3431,W20804
3432,W23602
3433,W24153
3434,W00384
3435,W23686
3436,W20083
3437,W22597
3438,W20378
3439,W20392
3440,W23021
3441,W01283
3442,W21810
3443,W00327
3444,W20269
3445,W20947
3446,W21911
3447,W21957
3448,W24000
3449,W23903
3450,W20735
3451,W00017
3452,W21339
3453,W21456
3454,W23401
3455,W20536
3456,W20129
3457,W21700
3458,W21117
3459,W00329
3460,W01245
3461,W00154
3462,W01049
3463,W22452
3464,W22069
3465,W01017
3466,W00174
3467,W24021
3468,W00887
3469,W22446
3470,W20990
3471,W24024
3472,W01020
3473,W01377
3474,W23593
3475,W00989
3476,W20341
3477,W20230
3478,W24867
3479,W00407
3480,W21709
3481,W00453
3482,W20730
3483,W23926
3484,W01127
3485,W20366
3486,W21383
3487,W23098
3488,W23840
3489,W22596
3490,W23085
3491,W24115
3492,W01401
3493,W00463
3494,W22459
3495,W00345
3496,W20506
3497,W20717
3498,W22879
3499,W20912
3500,W21379
3501,W20822
3502,W20725
3503,W21051
3504,W24297
3505,W00974
3506,78580
3507,W22070
3508,W21119
3509,W01169
3510,W00898
3511,W22402
3512,W23276
3513,W00536
3514,W01454
3515,W24703
3516,W22174
3517,W23299
3518,W22237
3519,W23164
3520,W20744
3521,W00561
3522,W22058
3523,W20796
3524,W21140
3525,W23777
3526,W01087
3527,W20443
3528,W23319
3529,W22017
3530,W01334
3531,W21176
3532,W00692
3533,W23369
3534,W24656
3535,W20734
3536,W23830
3537,W00854
3538,W22603
3539,W00817
3540,W22630
3541,W21582
3542,W01300
3543,W01305
3544,W22606
3545,W21485
3546,W23237
3547,W00688
3548,W24692
3549,W20515
3550,W20463
3551,W23518
3552,W23708
3553,W20722
3554,W24718
3555,W24101
3556,W21266
3557,W20327
3558,W01337
3559,78560
3560,W22900
3561,W21225
3562,W20296
3563,W21353
3564,W22298
3565,W00719
3566,W00988
3567,W22215
3568,W23837
3569,W24215
3570,W21265
3571,W21617
3572,W00022
3573,W20284
3574,W24075
3575,W01299
3576,W01159
3577,W21249
3578,W22027
3579,W23993
3580,W20556
3581,W21779
3582,W21451
3583,W22808
3584,W24827
3585,W23511
3586,W01412
3587,W21352
3588,W20720
3589,W24079
3590,W01417
3591,W21614
3592,W00605
3593,W21866
3594,W23389
3595,W22145
3596,W00699
3597,W23132
3598,W21794
3599,W21522
3600,W23803
3601,W20593
3602,W21666
3603,W20809
3604,W01291
3605,W20828
3606,W24254
3607,W22568
3608,W20261
3609,W24294
3610,W21499
3611,W22788
3612,W22701
3613,W00738
3614,W23678
3615,W24879
3616,W22207
3617,W21918
3618,W24231
3619,W21596
3620,W21906
3621,W21694
3622,W22721
3623,W00951
3624,W20938
3625,W01307
3626,W00343
3627,W20680
3628,W00108
3629,W23742
3630,W00895
3631,W23229
3632,W22156
3633,W23858
3634,W20656
3635,W20559
3636,W00047
3637,W22430
3638,W22643
3639,W00034
3640,W00164
3641,W01481
3642,W22273
3643,W23514
3644,W00020
3645,W20177
3646,W01322
3647,W24708
3648,W24266
3649,W21547
3650,W22719
3651,W01207
3652,W21908
3653,W20421
3654,W23312
3655,W21515
3656,W22286
3657,W22940
3658,W00410
3659,W00568
3660,W21202
3661,W23994
3662,W22924
3663,W22978
3664,W01400
3665,W24283
3666,W22076
3667,W22352
3668,W21376
3669,W20724
3670,W23443
3671,W00785
3672,W23846
3673,W00886
3674,W21373
3675,W00916
3676,W20475
3677,W23768
3678,W21638
3679,W00109
3680,W20975
3681,W00845
3682,W21141
3683,W20842
3684,W21916
3685,W23521
3686,W20030
3687,W00972
3688,W21599
3689,78584
3690,W23408
3691,W23774
3692,W21815
3693,W00657
3694,W22296
3695,W00683
3696,W20385
3697,W01486
3698,W23905
3699,W21124
3700,W22745
3701,W23321
3702,W20399
3703,W20750
3704,W23710
3705,W00452
3706,W21438
3707,W00711
3708,W24274
3709,W00870
3710,W24082
3711,W21956
3712,W21400
3713,W20148
3714,W22890
3715,W22083
3716,78534
3717,W00855
3718,W24221
3719,W21359
3720,W21122
3721,W20057
3722,W22256
3723,W22486
3724,W00957
3725,W01121
3726,W20825
3727,W22823
3728,W20915
3729,W20071
3730,W21178
3731,W22243
3732,W24211
3733,W01413
3734,W20774
3735,W24726
3736,W21678
3737,W20939
3738,W24076
3739,W00682
3740,W01092
3741,W23113
3742,W23414
3743,W00390
3744,W20019
3745,W00635
3746,W00205
3747,W01321
3748,W00360
3749,W01046
3750,W24220
3751,W00252
3752,W00911
3753,W20397
3754,W21000
3755,W23947
3756,W24339
3757,W01123
3758,W22513
3759,W21247
3760,W01217
3761,W21773
3762,W22899
3763,W20340
3764,W20228
3765,W22379
3766,W21203
3767,W22582
3768,W24178
3769,W23131
3770,W00239
3771,W00791
3772,W23096
3773,W23699
3774,W00421
3775,W23034
3776,W22882
3777,W21910
3778,W01341
3779,W01442
3780,W21068
3781,W22970
3782,W22625
3783,W01205
3784,W23531
3785,W00918
3786,W21593
3787,W21807
3788,W21715
3789,W23024
3790,W22363
3791,W21761
3792,W00571
3793,W01031
3794,W21685
3795,W21795
3796,W20117
3797,W21983
3798,W00664
3799,W24061
3800,W20159
3801,W22005
3802,W21223
3803,W00181
3804,W21847
3805,W22087
3806,W23829
3807,W01313
3808,W00295
3809,W23991
3810,W22955
3811,W20219
3812,W22427
3813,W23243
3814,W22254
3815,W00901
3816,W21832
3817,W00476
3818,W20352
3819,W21313
3820,W00570
3821,W00960
3822,W23252
3823,W01027
3824,W20277
3825,W20372
3826,W23194
3827,W23434
3828,W00792
3829,W01436
3830,W20494
3831,W22284
3832,W23320
3833,W00970
3834,W21212
3835,W23571
3836,W00663
3837,W22428
3838,W00713
3839,W22179
3840,W20863
3841,W20012
3842,W23695
3843,W21029
3844,W20878
3845,W00906
3846,W24223
3847,W00554
3848,78572
3849,W22475
3850,W20873
3851,W01120
3852,W01089
3853,W21048
3854,W24264
3855,W00448
3856,W21543
3857,W22437
3858,W01233
3859,W20390
3860,W22381
3861,W23520
3862,W20299
3863,W01367
3864,W20934
3865,W00811
3866,W23900
3867,W22065
3868,W20885
3869,W00984
3870,W21234
3871,W22712
3872,W22362
3873,W20473
3874,W01125
3875,W22953
3876,W23421
3877,W00595
3878,W23275
3879,W20169
3880,W00546
3881,W23053
3882,W00267
3883,W01397
3884,W22277
3885,W23407
3886,W20099
3887,W21209
3888,W22436
3889,W20633
3890,W00947
3891,W20490
3892,W20342
3893,W23870
3894,W01117
3895,W23539
3896,W20530
3897,W00714
3898,W00565
3899,W20983
3900,W20812
3901,W23415
3902,W21552
3903,W22908
3904,W20731
3905,W01088
3906,W22910
3907,W21992
3908,W22817
3909,W00143
3910,W20163
3911,W00219
3912,W01395
3913,W20907
3914,W00276
3915,W23153
3916,W24790
3917,W00127
3918,W24784
3919,W21608
3920,W24073
3921,W23715
3922,W21999
3923,W23266
3924,W22219
3925,W23946
3926,W24871
3927,W21843
3928,W22677
3929,W20776
3930,W20208
3931,W20234
3932,W23337
3933,W22870
3934,W00353
3935,W20586
3936,W01373
3937,W24216
3938,W22839
3939,W00438
3940,W22522
3941,W21888
3942,W22755
3943,W01018
3944,W22760
3945,W23352
3946,78518
3947,W23910
3948,W23183
3949,W21509
3950,W22445
3951,W24304
3952,W00530
3953,W20507
3954,W23419
3955,W22401
3956,W00440
3957,W21574
3958,W22239
3959,W23457
3960,W00196
3961,W00197
3962,W22238
3963,W21974
3964,W22496
3965,W00837
3966,W23835
3967,W00428
3968,W24753
3969,W21077
3970,W22197
3971,W22422
3972,W00679
3973,W22844
3974,W23697
3975,W22457
3976,W23739
3977,W00954
3978,W23209
3979,W00975
3980,W23240
3981,W21553
3982,W00286
3983,W21512
3984,W21970
3985,W01252
3986,W24846
3987,W23068
3988,W23017
3989,W24842
3990,W00617
3991,W22202
3992,W00899
3993,W22002
3994,W24309
3995,W20833
3996,W21393
3997,W01000
3998,W21792
3999,W20006
4000,W24144
4001,W23823
4002,W21378
4003,W21314
4004,W20040
4005,W22503
4006,W01042
4007,W24219
4008,W22376
4009,W23072
4010,W22520
4011,W23316
4012,W01393
4013,W23883
4014,W20050
4015,W23422
4016,W22333
4017,W20622
4018,W23332
4019,W21835
4020,W20922
4021,W22249
4022,W21466
4023,W00833
4024,W21626
4025,W23838
4026,W24180
4027,W21887
4028,W23358
4029,W21975
4030,W20359
4031,W24752
4032,W24096
4033,W23526
4034,W23370
4035,W24643
4036,W00666
4037,W21057
4038,W24260
4039,W22751
4040,W22365
4041,W00393
4042,W20376
4043,W20188
4044,W01399
4045,W22342
4046,W23428
4047,W00190
4048,W00312
4049,W01154
4050,78599
4051,W21996
4052,W00293
4053,W22918
4054,W00734
4055,W22455
4056,W21900
4057,W01005
4058,W00910
4059,W20343
4060,W22213
4061,W21601
4062,W22257
4063,W22934
4064,W22502
4065,W24238
4066,W21260
4067,W23012
4068,W00933
4069,W20583
4070,W24681
4071,W20191
4072,W21002
4073,W00417
4074,W01304
4075,W21288
4076,W23956
4077,W22892
4078,W24156
4079,W24064
4080,W23109
4081,W00374
4082,W22412
4083,W01274
4084,W20714
4085,W22411
4086,W20872
4087,W21195
4088,W01308
4089,W00552
4090,W21418
4091,W23144
4092,W22141
4093,W21912
4094,W20756
4095,W20138
4096,W20452
4097,W21230
4098,W22285
4099,W24052
4100,W24291
4101,W00336
4102,W23193
4103,W00228
4104,W22225
4105,W21444
4106,W20045
4107,W21151
4108,W00655
4109,W21506
4110,W20011
4111,W20977
4112,W21126
4113,W22444
4114,W20115
4115,W21270
4116,W22525
4117,W22303
4118,W20665
4119,W01232
4120,W23532
4121,W23030
4122,W21256
4123,W00868
4124,W24040
4125,W20241
4126,W23755
4127,W22484
4128,W20153
4129,W23441
4130,W21701
4131,W21026
4132,W21859
4133,W20696
4134,W20561
4135,W01416
4136,W21755
4137,W22664
4138,78559
4139,W22720
4140,W20009
4141,W01239
4142,W20388
4143,W00446
4144,W23783
4145,W01336
4146,W01241
4147,W20026
4148,W24712
4149,W01452
4150,W22300
4151,W20721
4152,W24878
4153,W22935
4154,W23861
4155,W20232
4156,W01453
4157,W22936
4158,78519
4159,W21664
4160,W23449
4161,W21407
4162,W23614
4163,W00907
4164,W23589
4165,W00967
4166,W20336
4167,W24124
4168,W00672
4169,W23133
4170,W20103
4171,W00859
4172,W23879
4173,W22727
4174,W22184
4175,W00982
4176,W24084
4177,W23055
4178,W24694
4179,W23953
4180,W01229
4181,W20821
4182,W00400
4183,W22153
4184,W00070
4185,W24688
4186,W00207
4187,W20532
4188,W22357
4189,W23097
4190,W23740
4191,W00729
4192,W22862
4193,W22172
4194,W21597
4195,W00430
4196,W24214
4197,W22166
4198,W24642
4199,W24201
4200,W20638
4201,W21221
4202,W01172
4203,W21382
4204,W00940
4205,W01474
4206,W20985
4207,W01259
4208,W01312
4209,W23640
4210,W00368
4211,W21698
4212,W01213
4213,W00241
4214,W21926
4215,W22165
4216,W22560
4217,W22220
4218,W22021
4219,W20038
4220,W00867
4221,W23187
4222,W20174
4223,W23573
4224,W23202
4225,W20036
4226,W01060
4227,W00736
4228,W22878
4229,W00937
4230,W23964
4231,W20616
4232,W01197
4233,W22084
4234,W21280
4235,W00487
4236,W20848
4237,W00206
4238,W24086
4239,W22827
4240,W00706
4241,W20454
4242,W23676
4243,W01211
4244,W24158
4245,W22984
4246,W00080
4247,W24657
4248,W22922
4249,W23587
4250,W23767
4251,W00088
4252,W21052
4253,W20256
4254,W23684
4255,W20883
4256,W22088
4257,W22326
4258,W20380
4259,W24852
4260,W22857
4261,W21668
4262,W20281
4263,W20992
4264,W22367
4265,W20229
4266,W21281
4267,78566
4268,W20815
4269,W20726
4270,W21497
4271,W20579
4272,W23142
4273,W00404
4274,W23246
4275,W24176
4276,W22038
4277,W20062
4278,W00427
4279,W22665
4280,W00928
4281,W20389
4282,W24066
4283,W20685
4284,W00087
4285,W22939
4286,W22652
4287,W00159
4288,W20154
4289,W22438
4290,W00027
4291,W22662
4292,78546
4293,W21291
4294,W01010
4295,W20266
4296,W01100
4297,W20092
4298,W20303
4299,W22534
4300,W20682
4301,W21738
4302,W20785
4303,W21320
4304,W01497
4305,W01246
4306,W24235
4307,W22805
4308,W00761
4309,W24246
4310,W21959
4311,W22483
4312,W22469
4313,W20239
4314,W00280
4315,W24812
4316,78594
4317,W00382
4318,W21573
4319,W22640
4320,W21345
4321,W20545
4322,W22434
4323,W21953
4324,W23530
4325,W00968
4326,W00876
4327,W21169
4328,W01182
4329,W01457
4330,W01277
4331,W00372
4332,W00946
4333,W00715
4334,W20773
4335,W22501
4336,W23026
4337,W20166
4338,W24116
4339,W00784
4340,W22554
4341,W20645
4342,W23733
4343,W01284
4344,W01494
4345,W20953
4346,W00290
4347,W22113
4348,W21093
4349,W23200
4350,W20395
4351,W22105
4352,W00642
4353,W21088
4354,W23611
4355,W00808
4356,W00091
4357,W20590
4358,W22318
4359,W21278
4360,W23314
4361,W23756
4362,W23620
4363,W20737
4364,W20534
4365,W21335
4366,W20360
4367,W24275
4368,W21856
4369,W22164
4370,W23100
4371,W00200
4372,W20335
4373,W23296
4374,W23255
4375,W24299
4376,W00079
4377,W20624
4378,W20254
4379,W20566
4380,W00773
4381,W00040
4382,W20927
4383,W22229
4384,W00936
4385,W22618
4386,W00885
4387,W22400
4388,W21014
4389,W20528
4390,W22642
4391,W00871
4392,W21478
4393,W24315
4394,W21009
4395,W21038
4396,W24149
4397,W21789
4398,W00283
4399,W23300
4400,W22467
4401,W20415
4402,W22770
4403,W00332
4404,W20126
4405,W00673
4406,W21963
4407,W00311
4408,78583
4409,W20243
4410,W20787
4411,W21069
4412,W24147
4413,W22343
4414,W24317
4415,W23775
4416,W20031
4417,W00712
4418,W24863
4419,W21923
4420,W22183
4421,W22814
4422,W00130
4423,W22026
4424,W24010
4425,W22562
4426,W00997
4427,W21185
4428,W21920
4429,W21935
4430,W00709
4431,W20707
4432,W23566
4433,W22683
4434,W21987
4435,W23628
4436,W20882
4437,W22883
4438,W20551
4439,W20290
4440,W20028
4441,W24111
4442,W22571
4443,W22275
4444,W00585
4445,W22637
4446,W20042
4447,W21520
4448,W22020
4449,W24212
4450,78503
4451,W22504
4452,W23519
4453,W21286
4454,W23638
4455,W21584
4456,W24652
4457,W21324
4458,W23118
4459,W20613
4460,W22757
4461,W21802
4462,W01350
4463,W21968
4464,W01418
4465,W22849
4466,W23984
4467,W23224
4468,W20283
4469,W00591
4470,W20741
4471,W23961
4472,W01038
4473,W00244
4474,W20476
4475,W22600
4476,W22366
4477,W22189
4478,W23182
4479,W21258
4480,W23780
4481,W22493
4482,W23018
4483,W21109
4484,W23214
4485,W21015
4486,W00835
4487,W01098
4488,W21571
4489,W21588
4490,W24087
4491,W01487
4492,W24635
4493,W21315
4494,W22585
4495,W21080
4496,W23225
4497,W23958
4498,W24049
4499,W20981
4500,W24761
4501,W22432
4502,W20082
4503,W24877
4504,W23248
4505,W00165
4506,W00467
4507,W22854
4508,W23814
4509,W21276
4510,W01414
4511,W00553
4512,W20367
4513,W24777
4514,W23325
4515,W23481
4516,W23772
4517,78582
4518,W23747
4519,W00799
4520,W22704
4521,W23022
4522,W00431
4523,W20518
4524,W23190
4525,W01273
4526,W22573
4527,W22708
4528,W21891
4529,W22773
4530,W00492
4531,W21476
4532,W00481
4533,W23134
4534,W00209
4535,W20691
4536,W01034
4537,W21251
4538,W23555
4539,W23862
4540,W20524
4541,W24028
4542,W00194
4543,W23963
4544,W21960
4545,W00810
4546,78545
4547,W00616
4548,W00856
4549,W23567
4550,W20713
4551,78595
4552,W21628
4553,W23140
4554,W22096
4555,W00865
4556,W23005
4557,W20122
4558,W00813
4559,W21183
4560,W22591
4561,W24647
4562,W24765
4563,W23257
4564,W20094
4565,W22691
4566,W20659
4567,W20323
4568,W00111
4569,W23168
4570,W21901
4571,W21616
4572,W00834
4573,W23074
4574,W21220
4575,W22829
4576,W20192
4577,W23622
4578,W20874
4579,W22989
4580,W20027
4581,W00628
4582,W22610
4583,W00413
4584,W22236
4585,W23480
4586,W23977
4587,W22115
4588,W22014
4589,W21640
4590,W24026
4591,W24762
4592,W20298
4593,W21925
4594,W24243
4595,W00754
4596,W23601
4597,W21153
4598,W23793
4599,W01175
4600,W20489
4601,W24826
4602,W00888
4603,W23671
4604,W20797
4605,78542
4606,W23899
4607,W22840
4608,W22860
4609,W00843
4610,W22680
4611,W20609
4612,W20675
4613,W22386
4614,W00722
4615,W20740
4616,W20066
4617,W20807
4618,W22443
4619,W20069
4620,W00994
4621,W21396
4622,W00272
4623,W00795
4624,W22034
4625,W00285
4626,W20810
4627,W00466
4628,W22051
4629,W24008
4630,W22813
4631,W01052
4632,W01066
4633,W22740
4634,W01215
4635,W23215
4636,W21372
4637,W20065
4638,W00812
4639,W00823
4640,W24292
4641,W22576
4642,W21445
4643,W21865
4644,W21304
4645,W01483
4646,W23070
4647,W22375
4648,W23091
4649,W22771
4650,78557
4651,W01424
4652,W23000
4653,W23501
4654,78516
4655,W21303
4656,78539
4657,W24727
4658,W01185
4659,W24257
4660,W24775
4661,W21035
4662,W20542
4663,W00260
4664,W22964
4665,W21105
4666,W23876
4667,W20018
4668,78590
4669,W00746
4670,W20467
4671,W01216
4672,W00613
4673,W23486
4674,W22185
4675,W23817
4676,W23706
4677,W01050
4678,W01351
4679,W21070
4680,W24354
4681,W23841
4682,W20570
4683,W23836
4684,W24213
4685,W23619
4686,W23853
4687,W00264
4688,W00214
4689,W22912
4690,W23010
4691,W00125
4692,W23150
4693,W22253
4694,W01366
4695,W20802
4696,W00503
4697,W01287
4698,W22595
4699,W20469
4700,W00678
4701,W23231
4702,W21484
4703,W23460
4704,W20445
4705,W23852
4706,W21322
4707,W21969
4708,W00566
4709,W22507
4710,W23802
4711,W01166
4712,W00234
4713,W00192
4714,W20120
4715,W00259
4716,W24648
4717,W21432
4718,W23466
4719,W21316
4720,W22911
4721,W20636
4722,W23583
4723,W21066
4724,W20585
4725,W00334
4726,W20944
4727,W24282
4728,W23943
4729,W24097
4730,W20596
4731,W01171
4732,W23128
4733,W01347
4734,W00191
4735,W23350
4736,W23236
4737,W21896
4738,W24731
4739,W24265
4740,W20936
4741,W21492
4742,W00658
4743,W23348
4744,W22288
4745,W00755
4746,W21073
4747,W24145
4748,W22974
4749,W23151
4750,W00976
4751,W01477
4752,W24128
4753,W20746
4754,W20428
4755,W20024
4756,W22865
4757,W24687
4758,W22672
4759,W21684
4760,W20224
4761,W21180
4762,W24737
4763,W23967
4764,W23857
4765,W21318
4766,W21426
4767,W01432
4768,W23212
4769,W23897
4770,W23579
4771,W20510
4772,W00992
4773,W22453
4774,W23263
4775,W01458
4776,W00667
4777,W21876
4778,W23570
4779,W24675
4780,W21855
4781,W20348
4782,W21423
4783,W24768
4784,W23099
4785,W23540
4786,W21390
4787,W21886
4788,W24233
4789,W01101
4790,W22994
4791,W23295
4792,W01003
4793,W23343
4794,W23685
4795,W00979
4796,W23442
4797,W24020
4798,W00542
4799,W23763
4800,W23293
4801,W22224
4802,W01386
4803,78523
4804,W21236
4805,W23158
4806,W23071
4807,W21570
4808,W23642
4809,W22418
4810,W23201
4811,W20248
4812,W22235
4813,W22137
4814,W20089
4815,W23015
4816,W00735
4817,W21555
4818,W23716
4819,W20960
4820,W00138
4821,78561
4822,W22746
4823,W21125
4824,W22178
4825,W21775
4826,W21275
4827,W24806
4828,W22991
4829,W20845
4830,W23954
4831,W24855
4832,W24754
4833,W22583
4834,W23915
4835,W23929
4836,W22586
4837,W20081
4838,W21375
4839,W21473
4840,W00846
4841,W21680
4842,W22687
4843,W20370
4844,W00685
4845,W00744
4846,W22425
4847,W21020
4848,W23219
4849,W00189
4850,W00462
4851,W20186
4852,W20136
4853,W20941
4854,W22169
4855,W20198
4856,W24314
4857,W20879
4858,W00659
4859,W00502
4860,W01381
4861,W22255
4862,W00140
4863,W23448
4864,W21623
4865,W20272
4866,W22673
4867,W23114
4868,W00577
4869,W22873
4870,W20162
4871,W00078
4872,W20104
4873,W00908
4874,W22807
4875,W22122
4876,W20816
4877,W24168
4878,W00225
4879,W22575
4880,W20308
4881,W23048
4882,W21401
4883,W23336
4884,W24034
4885,W22975
4886,W00077
4887,W23188
4888,W20291
4889,W21055
4890,W22956
4891,W20508
4892,W22530
4893,W20511
4894,W23029
4895,W20649
4896,W21704
4897,W22695
4898,W21350
4899,W20718
4900,W23808
4901,W20194
4902,W01006
4903,W23502
4904,W00923
4905,W00221
4906,W00213
4907,W21305
4908,W22322
4909,W00999
4910,W23264
4911,W22743
4912,W21475
4913,W22612
4914,W24288
4915,W21806
4916,W22713
4917,W20105
4918,W20546
4919,W24872
4920,W21624
4921,W21024
4922,W24070
4923,W24143
